[{"model": "admin.logentry", "pk": 1, "fields": {"action_time": "2020-12-28T07:35:31.632Z", "user": 1, "content_type": 7, "object_id": "1", "object_repr": "Project: test", "action_flag": 3, "change_message": ""}}, {"model": "admin.logentry", "pk": 2, "fields": {"action_time": "2020-12-28T07:35:36.106Z", "user": 1, "content_type": 7, "object_id": "9", "object_repr": "Project: a", "action_flag": 3, "change_message": ""}}, {"model": "admin.logentry", "pk": 3, "fields": {"action_time": "2020-12-28T07:38:34.119Z", "user": 1, "content_type": 7, "object_id": "10", "object_repr": "Project: new project", "action_flag": 2, "change_message": "[{\"changed\": {\"fields\": [\"Image\"]}}]"}}, {"model": "admin.logentry", "pk": 4, "fields": {"action_time": "2020-12-28T08:26:13.092Z", "user": 1, "content_type": 7, "object_id": "11", "object_repr": "Project: asd", "action_flag": 3, "change_message": ""}}, {"model": "admin.logentry", "pk": 5, "fields": {"action_time": "2020-12-28T08:26:13.097Z", "user": 1, "content_type": 7, "object_id": "10", "object_repr": "Project: new project", "action_flag": 3, "change_message": ""}}, {"model": "admin.logentry", "pk": 6, "fields": {"action_time": "2020-12-28T08:26:13.100Z", "user": 1, "content_type": 7, "object_id": "8", "object_repr": "Project: project 8", "action_flag": 3, "change_message": ""}}, {"model": "admin.logentry", "pk": 7, "fields": {"action_time": "2020-12-28T08:26:13.103Z", "user": 1, "content_type": 7, "object_id": "7", "object_repr": "Project: project 7", "action_flag": 3, "change_message": ""}}, {"model": "admin.logentry", "pk": 8, "fields": {"action_time": "2020-12-28T08:26:13.105Z", "user": 1, "content_type": 7, "object_id": "6", "object_repr": "Project: project 6", "action_flag": 3, "change_message": ""}}, {"model": "admin.logentry", "pk": 9, "fields": {"action_time": "2020-12-28T08:26:13.107Z", "user": 1, "content_type": 7, "object_id": "5", "object_repr": "Project: project 5", "action_flag": 3, "change_message": ""}}, {"model": "admin.logentry", "pk": 10, "fields": {"action_time": "2020-12-28T08:26:13.110Z", "user": 1, "content_type": 7, "object_id": "4", "object_repr": "Project: project 4", "action_flag": 3, "change_message": ""}}, {"model": "admin.logentry", "pk": 11, "fields": {"action_time": "2020-12-28T08:26:13.113Z", "user": 1, "content_type": 7, "object_id": "3", "object_repr": "Project: project3", "action_flag": 3, "change_message": ""}}, {"model": "admin.logentry", "pk": 12, "fields": {"action_time": "2020-12-28T08:26:13.115Z", "user": 1, "content_type": 7, "object_id": "2", "object_repr": "Project: Project Nexus test", "action_flag": 3, "change_message": ""}}, {"model": "admin.logentry", "pk": 13, "fields": {"action_time": "2020-12-28T08:44:12.889Z", "user": 1, "content_type": 7, "object_id": "12", "object_repr": "Project: Nexus", "action_flag": 2, "change_message": "[{\"changed\": {\"fields\": [\"Status\"]}}]"}}, {"model": "admin.logentry", "pk": 14, "fields": {"action_time": "2020-12-28T08:44:54.891Z", "user": 1, "content_type": 7, "object_id": "12", "object_repr": "Project: Nexus", "action_flag": 2, "change_message": "[{\"changed\": {\"fields\": [\"Status\"]}}]"}}, {"model": "admin.logentry", "pk": 15, "fields": {"action_time": "2020-12-28T08:45:27.564Z", "user": 1, "content_type": 7, "object_id": "12", "object_repr": "Project: Nexus", "action_flag": 2, "change_message": "[{\"changed\": {\"fields\": [\"Status\"]}}]"}}, {"model": "admin.logentry", "pk": 16, "fields": {"action_time": "2021-01-13T05:10:10.574Z", "user": 1, "content_type": 9, "object_id": "1", "object_repr": "Test Comment #1", "action_flag": 1, "change_message": "[{\"added\": {}}]"}}, {"model": "admin.logentry", "pk": 17, "fields": {"action_time": "2021-01-13T07:15:42.150Z", "user": 1, "content_type": 8, "object_id": "8", "object_repr": "Tickets abiertos, y tickets asignados", "action_flag": 2, "change_message": "[{\"changed\": {\"fields\": [\"Status\"]}}]"}}, {"model": "admin.logentry", "pk": 18, "fields": {"action_time": "2021-01-21T08:59:53.269Z", "user": 1, "content_type": 10, "object_id": "3", "object_repr": "asd", "action_flag": 3, "change_message": ""}}, {"model": "admin.logentry", "pk": 19, "fields": {"action_time": "2021-01-21T08:59:56.201Z", "user": 1, "content_type": 10, "object_id": "2", "object_repr": "asd", "action_flag": 3, "change_message": ""}}, {"model": "admin.logentry", "pk": 20, "fields": {"action_time": "2021-01-21T08:59:58.242Z", "user": 1, "content_type": 10, "object_id": "1", "object_repr": "asd", "action_flag": 3, "change_message": ""}}, {"model": "admin.logentry", "pk": 21, "fields": {"action_time": "2021-01-29T04:18:37.366Z", "user": 1, "content_type": 10, "object_id": "6", "object_repr": "test", "action_flag": 3, "change_message": ""}}, {"model": "admin.logentry", "pk": 22, "fields": {"action_time": "2021-02-08T20:10:13.576Z", "user": 1, "content_type": 4, "object_id": "2", "object_repr": "demo", "action_flag": 3, "change_message": ""}}, {"model": "admin.logentry", "pk": 23, "fields": {"action_time": "2021-02-15T19:04:21.502Z", "user": 1, "content_type": 3, "object_id": "1", "object_repr": "admin", "action_flag": 1, "change_message": "[{\"added\": {}}]"}}, {"model": "admin.logentry", "pk": 24, "fields": {"action_time": "2021-02-15T19:04:28.938Z", "user": 1, "content_type": 3, "object_id": "2", "object_repr": "project_manager", "action_flag": 1, "change_message": "[{\"added\": {}}]"}}, {"model": "admin.logentry", "pk": 25, "fields": {"action_time": "2021-02-15T19:04:33.284Z", "user": 1, "content_type": 3, "object_id": "3", "object_repr": "developer", "action_flag": 1, "change_message": "[{\"added\": {}}]"}}, {"model": "admin.logentry", "pk": 26, "fields": {"action_time": "2021-02-15T19:04:53.074Z", "user": 1, "content_type": 3, "object_id": "4", "object_repr": "tester", "action_flag": 1, "change_message": "[{\"added\": {}}]"}}, {"model": "admin.logentry", "pk": 27, "fields": {"action_time": "2021-02-15T19:05:26.466Z", "user": 1, "content_type": 4, "object_id": "1", "object_repr": "admin", "action_flag": 2, "change_message": "[{\"changed\": {\"fields\": [\"Groups\"]}}]"}}, {"model": "admin.logentry", "pk": 28, "fields": {"action_time": "2021-02-15T19:05:59.096Z", "user": 1, "content_type": 4, "object_id": "3", "object_repr": "demodev", "action_flag": 2, "change_message": "[{\"changed\": {\"fields\": [\"Username\", \"Groups\"]}}]"}}, {"model": "admin.logentry", "pk": 29, "fields": {"action_time": "2021-02-15T19:06:07.492Z", "user": 1, "content_type": 4, "object_id": "4", "object_repr": "demopm", "action_flag": 2, "change_message": "[{\"changed\": {\"fields\": [\"Username\", \"Groups\"]}}]"}}, {"model": "admin.logentry", "pk": 30, "fields": {"action_time": "2021-02-19T02:02:28.602Z", "user": 1, "content_type": 12, "object_id": "1", "object_repr": "Perfil de <bound method AbstractUser.get_full_name of <User: demodev>>", "action_flag": 1, "change_message": "[{\"added\": {}}]"}}, {"model": "admin.logentry", "pk": 31, "fields": {"action_time": "2021-02-20T05:53:10.555Z", "user": 1, "content_type": 12, "object_id": "2", "object_repr": "Perfil de Waldemar Peralta", "action_flag": 1, "change_message": "[{\"added\": {}}]"}}, {"model": "admin.logentry", "pk": 32, "fields": {"action_time": "2021-02-20T05:53:52.158Z", "user": 1, "content_type": 12, "object_id": "2", "object_repr": "Perfil de Waldemar Peralta", "action_flag": 2, "change_message": "[{\"changed\": {\"fields\": [\"Image\"]}}]"}}, {"model": "admin.logentry", "pk": 33, "fields": {"action_time": "2021-02-20T05:54:11.491Z", "user": 1, "content_type": 12, "object_id": "2", "object_repr": "Perfil de Waldemar Peralta", "action_flag": 2, "change_message": "[{\"changed\": {\"fields\": [\"Image\"]}}]"}}, {"model": "admin.logentry", "pk": 34, "fields": {"action_time": "2021-02-20T06:07:38.729Z", "user": 1, "content_type": 4, "object_id": "3", "object_repr": "demodev", "action_flag": 2, "change_message": "[{\"changed\": {\"fields\": [\"Active\"]}}]"}}, {"model": "admin.logentry", "pk": 35, "fields": {"action_time": "2021-02-20T06:09:03.626Z", "user": 1, "content_type": 12, "object_id": "3", "object_repr": "Perfil de DemoNombre2 DemoApellido2", "action_flag": 1, "change_message": "[{\"added\": {}}]"}}, {"model": "admin.logentry", "pk": 36, "fields": {"action_time": "2021-02-20T06:10:36.839Z", "user": 1, "content_type": 12, "object_id": "3", "object_repr": "Perfil de DemoNombre2 DemoApellido2", "action_flag": 2, "change_message": "[{\"changed\": {\"fields\": [\"Image\"]}}]"}}, {"model": "admin.logentry", "pk": 37, "fields": {"action_time": "2021-02-24T01:23:34.121Z", "user": 1, "content_type": 3, "object_id": "1", "object_repr": "Administrador", "action_flag": 2, "change_message": "[{\"changed\": {\"fields\": [\"Name\"]}}]"}}, {"model": "admin.logentry", "pk": 38, "fields": {"action_time": "2021-02-24T01:23:40.051Z", "user": 1, "content_type": 3, "object_id": "3", "object_repr": "Desarrollador", "action_flag": 2, "change_message": "[{\"changed\": {\"fields\": [\"Name\"]}}]"}}, {"model": "admin.logentry", "pk": 39, "fields": {"action_time": "2021-02-24T01:23:45.747Z", "user": 1, "content_type": 3, "object_id": "2", "object_repr": "Project Manager", "action_flag": 2, "change_message": "[{\"changed\": {\"fields\": [\"Name\"]}}]"}}, {"model": "admin.logentry", "pk": 40, "fields": {"action_time": "2021-02-24T01:23:49.263Z", "user": 1, "content_type": 3, "object_id": "4", "object_repr": "Tester", "action_flag": 2, "change_message": "[{\"changed\": {\"fields\": [\"Name\"]}}]"}}, {"model": "admin.logentry", "pk": 41, "fields": {"action_time": "2021-03-22T02:12:14.377Z", "user": 1, "content_type": 4, "object_id": "4", "object_repr": "demopm", "action_flag": 2, "change_message": "[{\"changed\": {\"fields\": [\"password\"]}}]"}}, {"model": "admin.logentry", "pk": 42, "fields": {"action_time": "2021-03-30T06:24:15.289Z", "user": 1, "content_type": 8, "object_id": "42", "object_repr": "asd2", "action_flag": 3, "change_message": ""}}, {"model": "admin.logentry", "pk": 43, "fields": {"action_time": "2021-03-30T06:24:15.296Z", "user": 1, "content_type": 8, "object_id": "41", "object_repr": "asd", "action_flag": 3, "change_message": ""}}, {"model": "admin.logentry", "pk": 44, "fields": {"action_time": "2021-04-06T06:56:43.606Z", "user": 1, "content_type": 8, "object_id": "6", "object_repr": "Agregar flash messages", "action_flag": 2, "change_message": "[{\"changed\": {\"fields\": [\"Status\"]}}]"}}, {"model": "auth.permission", "pk": 1, "fields": {"name": "Can add log entry", "content_type": 1, "codename": "add_logentry"}}, {"model": "auth.permission", "pk": 2, "fields": {"name": "Can change log entry", "content_type": 1, "codename": "change_logentry"}}, {"model": "auth.permission", "pk": 3, "fields": {"name": "Can delete log entry", "content_type": 1, "codename": "delete_logentry"}}, {"model": "auth.permission", "pk": 4, "fields": {"name": "Can view log entry", "content_type": 1, "codename": "view_logentry"}}, {"model": "auth.permission", "pk": 5, "fields": {"name": "Can add permission", "content_type": 2, "codename": "add_permission"}}, {"model": "auth.permission", "pk": 6, "fields": {"name": "Can change permission", "content_type": 2, "codename": "change_permission"}}, {"model": "auth.permission", "pk": 7, "fields": {"name": "Can delete permission", "content_type": 2, "codename": "delete_permission"}}, {"model": "auth.permission", "pk": 8, "fields": {"name": "Can view permission", "content_type": 2, "codename": "view_permission"}}, {"model": "auth.permission", "pk": 9, "fields": {"name": "Can add group", "content_type": 3, "codename": "add_group"}}, {"model": "auth.permission", "pk": 10, "fields": {"name": "Can change group", "content_type": 3, "codename": "change_group"}}, {"model": "auth.permission", "pk": 11, "fields": {"name": "Can delete group", "content_type": 3, "codename": "delete_group"}}, {"model": "auth.permission", "pk": 12, "fields": {"name": "Can view group", "content_type": 3, "codename": "view_group"}}, {"model": "auth.permission", "pk": 13, "fields": {"name": "Can add user", "content_type": 4, "codename": "add_user"}}, {"model": "auth.permission", "pk": 14, "fields": {"name": "Can change user", "content_type": 4, "codename": "change_user"}}, {"model": "auth.permission", "pk": 15, "fields": {"name": "Can delete user", "content_type": 4, "codename": "delete_user"}}, {"model": "auth.permission", "pk": 16, "fields": {"name": "Can view user", "content_type": 4, "codename": "view_user"}}, {"model": "auth.permission", "pk": 17, "fields": {"name": "Can add content type", "content_type": 5, "codename": "add_contenttype"}}, {"model": "auth.permission", "pk": 18, "fields": {"name": "Can change content type", "content_type": 5, "codename": "change_contenttype"}}, {"model": "auth.permission", "pk": 19, "fields": {"name": "Can delete content type", "content_type": 5, "codename": "delete_contenttype"}}, {"model": "auth.permission", "pk": 20, "fields": {"name": "Can view content type", "content_type": 5, "codename": "view_contenttype"}}, {"model": "auth.permission", "pk": 21, "fields": {"name": "Can add session", "content_type": 6, "codename": "add_session"}}, {"model": "auth.permission", "pk": 22, "fields": {"name": "Can change session", "content_type": 6, "codename": "change_session"}}, {"model": "auth.permission", "pk": 23, "fields": {"name": "Can delete session", "content_type": 6, "codename": "delete_session"}}, {"model": "auth.permission", "pk": 24, "fields": {"name": "Can view session", "content_type": 6, "codename": "view_session"}}, {"model": "auth.permission", "pk": 25, "fields": {"name": "Can add project", "content_type": 7, "codename": "add_project"}}, {"model": "auth.permission", "pk": 26, "fields": {"name": "Can change project", "content_type": 7, "codename": "change_project"}}, {"model": "auth.permission", "pk": 27, "fields": {"name": "Can delete project", "content_type": 7, "codename": "delete_project"}}, {"model": "auth.permission", "pk": 28, "fields": {"name": "Can view project", "content_type": 7, "codename": "view_project"}}, {"model": "auth.permission", "pk": 29, "fields": {"name": "Can add ticket", "content_type": 8, "codename": "add_ticket"}}, {"model": "auth.permission", "pk": 30, "fields": {"name": "Can change ticket", "content_type": 8, "codename": "change_ticket"}}, {"model": "auth.permission", "pk": 31, "fields": {"name": "Can delete ticket", "content_type": 8, "codename": "delete_ticket"}}, {"model": "auth.permission", "pk": 32, "fields": {"name": "Can view ticket", "content_type": 8, "codename": "view_ticket"}}, {"model": "auth.permission", "pk": 33, "fields": {"name": "Can add comment", "content_type": 9, "codename": "add_comment"}}, {"model": "auth.permission", "pk": 34, "fields": {"name": "Can change comment", "content_type": 9, "codename": "change_comment"}}, {"model": "auth.permission", "pk": 35, "fields": {"name": "Can delete comment", "content_type": 9, "codename": "delete_comment"}}, {"model": "auth.permission", "pk": 36, "fields": {"name": "Can view comment", "content_type": 9, "codename": "view_comment"}}, {"model": "auth.permission", "pk": 37, "fields": {"name": "Can add ticket file", "content_type": 10, "codename": "add_ticketfile"}}, {"model": "auth.permission", "pk": 38, "fields": {"name": "Can change ticket file", "content_type": 10, "codename": "change_ticketfile"}}, {"model": "auth.permission", "pk": 39, "fields": {"name": "Can delete ticket file", "content_type": 10, "codename": "delete_ticketfile"}}, {"model": "auth.permission", "pk": 40, "fields": {"name": "Can view ticket file", "content_type": 10, "codename": "view_ticketfile"}}, {"model": "auth.permission", "pk": 41, "fields": {"name": "Can add user profile", "content_type": 11, "codename": "add_userprofile"}}, {"model": "auth.permission", "pk": 42, "fields": {"name": "Can change user profile", "content_type": 11, "codename": "change_userprofile"}}, {"model": "auth.permission", "pk": 43, "fields": {"name": "Can delete user profile", "content_type": 11, "codename": "delete_userprofile"}}, {"model": "auth.permission", "pk": 44, "fields": {"name": "Can view user profile", "content_type": 11, "codename": "view_userprofile"}}, {"model": "auth.permission", "pk": 45, "fields": {"name": "Can add profile", "content_type": 12, "codename": "add_profile"}}, {"model": "auth.permission", "pk": 46, "fields": {"name": "Can change profile", "content_type": 12, "codename": "change_profile"}}, {"model": "auth.permission", "pk": 47, "fields": {"name": "Can delete profile", "content_type": 12, "codename": "delete_profile"}}, {"model": "auth.permission", "pk": 48, "fields": {"name": "Can view profile", "content_type": 12, "codename": "view_profile"}}, {"model": "auth.group", "pk": 1, "fields": {"name": "Administrador", "permissions": []}}, {"model": "auth.group", "pk": 2, "fields": {"name": "Project Manager", "permissions": []}}, {"model": "auth.group", "pk": 3, "fields": {"name": "Desarrollador", "permissions": []}}, {"model": "auth.group", "pk": 4, "fields": {"name": "Tester", "permissions": []}}, {"model": "auth.user", "pk": 1, "fields": {"password": "pbkdf2_sha256$216000$PymcSolMde2z$mTdM0bXDYYzUQMI9vwt0xwes+1rWGJOSkUg4vStIeXg=", "last_login": "2021-05-07T07:08:33.627Z", "is_superuser": true, "username": "admin", "first_name": "Waldemar", "last_name": "Peralta", "email": "waldeperalta1@gmail.com", "is_staff": true, "is_active": true, "date_joined": "2020-12-27T05:04:37Z", "groups": [1], "user_permissions": []}}, {"model": "auth.user", "pk": 3, "fields": {"password": "pbkdf2_sha256$216000$94a33lbWbnd0$KfRM/F9z2R6ikwPfzkLjjArSARY5n+QAZXQjNBWUrJs=", "last_login": "2021-03-22T02:12:25.015Z", "is_superuser": false, "username": "developerdemo", "first_name": "Desarrollador", "last_name": "Demo", "email": "developerdemo@gmail.com", "is_staff": false, "is_active": true, "date_joined": "2021-02-08T20:10:42Z", "groups": [3], "user_permissions": []}}, {"model": "auth.user", "pk": 4, "fields": {"password": "pbkdf2_sha256$216000$iIGUlxVfTkGX$ue5AiMY8IsRzHnusjK9lFqsyPlskHsGGh/W0Ps2iOL4=", "last_login": null, "is_superuser": false, "username": "demopm", "first_name": "DemoNombre2", "last_name": "DemoApellido2", "email": "demo2@gmail.com", "is_staff": false, "is_active": true, "date_joined": "2021-02-08T20:42:43Z", "groups": [2], "user_permissions": []}}, {"model": "auth.user", "pk": 5, "fields": {"password": "pbkdf2_sha256$216000$iHy295iwovfG$VbKVxlOSLcriFTLiJNFMamG2eFvsi/xPwKgq518rLPk=", "last_login": "2021-04-20T06:40:30.881Z", "is_superuser": false, "username": "test", "first_name": "test", "last_name": "test2", "email": "test@gmail.com", "is_staff": false, "is_active": true, "date_joined": "2021-02-15T21:22:32.631Z", "groups": [1], "user_permissions": []}}, {"model": "contenttypes.contenttype", "pk": 1, "fields": {"app_label": "admin", "model": "logentry"}}, {"model": "contenttypes.contenttype", "pk": 2, "fields": {"app_label": "auth", "model": "permission"}}, {"model": "contenttypes.contenttype", "pk": 3, "fields": {"app_label": "auth", "model": "group"}}, {"model": "contenttypes.contenttype", "pk": 4, "fields": {"app_label": "auth", "model": "user"}}, {"model": "contenttypes.contenttype", "pk": 5, "fields": {"app_label": "contenttypes", "model": "contenttype"}}, {"model": "contenttypes.contenttype", "pk": 6, "fields": {"app_label": "sessions", "model": "session"}}, {"model": "contenttypes.contenttype", "pk": 7, "fields": {"app_label": "nexus", "model": "project"}}, {"model": "contenttypes.contenttype", "pk": 8, "fields": {"app_label": "nexus", "model": "ticket"}}, {"model": "contenttypes.contenttype", "pk": 9, "fields": {"app_label": "nexus", "model": "comment"}}, {"model": "contenttypes.contenttype", "pk": 10, "fields": {"app_label": "nexus", "model": "ticketfile"}}, {"model": "contenttypes.contenttype", "pk": 11, "fields": {"app_label": "nexus", "model": "userprofile"}}, {"model": "contenttypes.contenttype", "pk": 12, "fields": {"app_label": "nexus", "model": "profile"}}, {"model": "sessions.session", "pk": "4poe8een5hetkcmxnasqk949dkct65qx", "fields": {"session_data": ".eJxVjMsOwiAQRf-FtSE8SmBcuvcbCDMDUjWQlHZl_Hdt0oVu7znnvkRM21rjNvISZxZnocXpd8NEj9x2wPfUbl1Sb-syo9wVedAhr53z83K4fwc1jfqtwViwxgEoKiGwgik7ZmUQqSg2yJa09qp48JT1lMihDQZNCi4AOxLvD9WdN9c:1lF5mK:nMyQWkBnR6Fmw6s_Ieg7TibvEY9VlN__CQZLjV08W7s", "expire_date": "2021-03-11T01:49:20.991Z"}}, {"model": "sessions.session", "pk": "6obxmyo1l4yxqjxh38pmsac2107njp7u", "fields": {"session_data": ".eJxVjMsOwiAQRf-FtSE8SmBcuvcbCDMDUjWQlHZl_Hdt0oVu7znnvkRM21rjNvISZxZnocXpd8NEj9x2wPfUbl1Sb-syo9wVedAhr53z83K4fwc1jfqtwViwxgEoKiGwgik7ZmUQqSg2yJa09qp48JT1lMihDQZNCi4AOxLvD9WdN9c:1lOA5B:BjQoy2z4_u4Xf7F-_DXrmAYk8n1TwLQj2_PpU12oQuw", "expire_date": "2021-04-05T02:14:17.425Z"}}, {"model": "sessions.session", "pk": "79zu5wscv2yt2d3vaticqqxln292ixc2", "fields": {"session_data": ".eJxVjEEOgjAQRe_StWmg0mHq0j1nIDOdqUVNSSisjHdXEha6_e-9_zIjbWset6rLOIm5mNacfjem-NCyA7lTuc02zmVdJra7Yg9a7TCLPq-H-3eQqeZv3TtPiKwiidtOIzYdgoeQICgkAHcWddAzJA6ePMUWXSBGFAYODZr3B-_OOCs:1leubB:LUA7jVMpPsGoC03EYmjIquToS0NSGPKwb0VWKwowdyE", "expire_date": "2021-05-21T07:08:33.630Z"}}, {"model": "sessions.session", "pk": "a01f5opbt3b8jc88chrpkb05bet7bnzd", "fields": {"session_data": ".eJxVjDsOwjAQBe_iGlle_Kek5wzWer3gALKlOKkQd4dIKaB9M_NeIuG61LQOntNUxEmAOPxuGenBbQPlju3WJfW2zFOWmyJ3OuSlF36ed_fvoOKo31oF0NYVqxx5zz6zjaSLdtejMSogRWcNK4RsgBC5QFQhg9XEDslbJ94fyxA3mQ:1ktOEb:A4jeAPxjr2HkY6XVoOCiE3FQ46W89CqxHOFSsK00t0s", "expire_date": "2021-01-10T05:04:49.782Z"}}, {"model": "sessions.session", "pk": "a8faejpwqdulfft1fhc8r2wv7rhxizmn", "fields": {"session_data": ".eJxVjEEOwiAQRe_C2hAKDFKX7nsGMsyAVA0kpV0Z765NutDtf-_9lwi4rSVsPS1hZnERIE6_W0R6pLoDvmO9NUmtrssc5a7Ig3Y5NU7P6-H-HRTs5Vt7ogQmnZ1Bq6NOo1dDJuW9NjmbbCNqAKUtkXd6tEADG-sQEIFZKSveH-CKN5U:1lYk3i:ZNwsvRl6ghQv01P1gDXpKHoBr_8ItTFBW8I61NXxsyc", "expire_date": "2021-05-04T06:40:30.885Z"}}, {"model": "sessions.session", "pk": "vp0872cgymfdq2tp46txtvubt6pdi28t", "fields": {"session_data": ".eJxVjMsOwiAQRf-FtSE8SmBcuvcbCDMDUjWQlHZl_Hdt0oVu7znnvkRM21rjNvISZxZnocXpd8NEj9x2wPfUbl1Sb-syo9wVedAhr53z83K4fwc1jfqtwViwxgEoKiGwgik7ZmUQqSg2yJa09qp48JT1lMihDQZNCi4AOxLvD9WdN9c:1l1g2x:B-KV4EWcSRo4t2fM3h805UrKW9zBqtJ7ggm5TBCzHrY", "expire_date": "2021-02-02T01:43:03.993Z"}}, {"model": "sessions.session", "pk": "yy00zql5w2cvj2o7k8hj3h004odeoqfv", "fields": {"session_data": ".eJxVjDsOwjAQBe_iGlle_Kek5wzWer3gALKlOKkQd4dIKaB9M_NeIuG61LQOntNUxEmAOPxuGenBbQPlju3WJfW2zFOWmyJ3OuSlF36ed_fvoOKo31oF0NYVqxx5zz6zjaSLdtejMSogRWcNK4RsgBC5QFQhg9XEDslbJ94fyxA3mQ:1kuBEg:498jGXX57I7soJS4J4M_gz2ZS68gUezryt4MhZcvT34", "expire_date": "2021-01-12T09:24:10.205Z"}}, {"model": "nexus.project", "pk": 12, "fields": {"user": 1, "title": "Nexus", "short_description": "Project Management Software", "description": "Nexus es una aplicación web para la gestión de proyectos, y la administración de tickets en equipos de desarrollo.", "image": "project_thumbnails/nexus/Nexus.jpg", "status": "EN DESARROLLO", "date_created": "2020-12-28T08:23:48Z", "last_updated": "2021-01-09T17:19:31.024Z", "slug": "nexus", "team_members": [1, 3, 4]}}, {"model": "nexus.project", "pk": 16, "fields": {"user": 1, "title": "prueba", "short_description": "descripcion breve", "description": "descripcion larga testtesttest test test  test  test  test  test  test  test  test  test  test  test  test  test  test  test  test  test  test  test  test", "image": "project_thumbnails/prueba/6.png", "status": "EN DESARROLLO", "date_created": "2020-12-29T23:57:55.797Z", "last_updated": "2021-02-04T04:36:49.033Z", "slug": "prueba", "team_members": []}}, {"model": "nexus.ticket", "pk": 4, "fields": {"project": 16, "user": 1, "assigned_to": null, "title": "test", "description": "asd", "priority": "BAJA", "status": "ABIERTO", "type": "FEATURE", "date_created": "2021-01-07T05:32:15.537Z", "date_closed": null, "last_updated": null}}, {"model": "nexus.ticket", "pk": 6, "fields": {"project": 12, "user": 1, "assigned_to": 1, "title": "Agregar flash messages a todas las views", "description": "Después de realizar una operación, mostrar un flash message que le notifique al usuario si la operación se realizó exitosamente, o si hubo algún error.", "priority": "ALTA", "status": "EN DESARROLLO", "type": "FEATURE", "date_created": "2021-01-07T06:52:37Z", "date_closed": null, "last_updated": "2021-04-18T20:26:57.046Z"}}, {"model": "nexus.ticket", "pk": 7, "fields": {"project": 12, "user": 1, "assigned_to": null, "title": "last_updated en Proyectos", "description": "Al modificar un proyecto, actualizar el campo last_updated en la base de datos, y mostrar la información correcta en la template", "priority": "BAJA", "status": "CERRADO", "type": "BUG", "date_created": "2021-01-07T07:58:36.598Z", "date_closed": null, "last_updated": "2021-01-09T17:21:38.216Z"}}, {"model": "nexus.ticket", "pk": 8, "fields": {"project": 12, "user": 1, "assigned_to": null, "title": "Tickets abiertos, y tickets asignados", "description": "En la página 'project details', mostrar una tabla con tickets abiertos que todavía no están asignados, y permitirle al usuario seleccionar un ticket para asignárselo a si mismo.\r\nAdemás, mostrar otra tabla con todos los tickets que ya están asignados, a quienes, etc.\r\nSeparar las tablas en distintas tabs, y mostrar la cantidad en cada tab.\r\nPermitir mover un ticket de una tab a la otra a través de un modal.", "priority": "ALTA", "status": "CERRADO", "type": "FEATURE", "date_created": "2021-01-07T08:00:50Z", "date_closed": null, "last_updated": "2021-01-31T06:10:13.462Z"}}, {"model": "nexus.ticket", "pk": 9, "fields": {"project": 12, "user": 1, "assigned_to": null, "title": "Color de los labels de prioridad, estado, tipo de tickets", "description": "En la página de 'project details', sacarle los colores a los campos de estado y tipo de ticket, y modificar el campo de prioridad para que sea de color verde, naranja o rojo dependiendo de la prioridad del ticket.", "priority": "BAJA", "status": "CERRADO", "type": "DISEÑO", "date_created": "2021-01-07T08:02:58.538Z", "date_closed": null, "last_updated": "2021-01-08T05:23:18.022Z"}}, {"model": "nexus.ticket", "pk": 10, "fields": {"project": 12, "user": 1, "assigned_to": null, "title": "Filtrado de datatables", "description": "En la página de 'project details', agregar opciones para filtrar el tipo de ticket, la prioridad, y el estado a través de select inputs.", "priority": "ALTA", "status": "CERRADO", "type": "FEATURE", "date_created": "2021-01-09T17:34:37.994Z", "date_closed": null, "last_updated": "2021-01-15T07:56:09.236Z"}}, {"model": "nexus.ticket", "pk": 11, "fields": {"project": 12, "user": 1, "assigned_to": null, "title": "Diseño del panel de comentarios de un ticket", "description": "Agregarle un título al panel de comentarios del ticket, y si ese ticket aún no tiene ningún comentario, mostrar un mensaje.", "priority": "BAJA", "status": "CERRADO", "type": "DISEÑO", "date_created": "2021-01-13T07:17:56.909Z", "date_closed": null, "last_updated": "2021-01-19T01:48:06.702Z"}}, {"model": "nexus.ticket", "pk": 12, "fields": {"project": 12, "user": 1, "assigned_to": null, "title": "Agregar íconos a los tipos de ticket", "description": "Agregarle íconos a los tipos de ticket (diseño, feature, bug, etc.)", "priority": "BAJA", "status": "NUEVO", "type": "DISEÑO", "date_created": "2021-01-13T07:18:37.683Z", "date_closed": null, "last_updated": null}}, {"model": "nexus.ticket", "pk": 13, "fields": {"project": 12, "user": 1, "assigned_to": null, "title": "Agregar prioridad en los filtros de la tabla de tickets", "description": "Agregar prioridad en los filtros de la tabla de tickets", "priority": "BAJA", "status": "CERRADO", "type": "FEATURE", "date_created": "2021-01-13T07:19:11.678Z", "date_closed": null, "last_updated": "2021-01-15T07:29:39.547Z"}}, {"model": "nexus.ticket", "pk": 14, "fields": {"project": 12, "user": 1, "assigned_to": null, "title": "Remover la columna \"Asignado a\" de la tabla de tickets", "description": "Debido a que los tickets nuevos no tienen asignado a un desarrollador, no tiene sentido mostrar siempre esa columna.", "priority": "BAJA", "status": "CERRADO", "type": "DISEÑO", "date_created": "2021-01-13T07:21:21.679Z", "date_closed": null, "last_updated": "2021-01-14T04:38:52.776Z"}}, {"model": "nexus.ticket", "pk": 15, "fields": {"project": 12, "user": 1, "assigned_to": null, "title": "Cambiar colores primarios", "description": "Cambiar los colores primarios de bootstrap:\r\n-Info a celeste\r\n-Primary a azul", "priority": "BAJA", "status": "NUEVO", "type": "DISEÑO", "date_created": "2021-01-14T03:54:32.796Z", "date_closed": null, "last_updated": null}}, {"model": "nexus.ticket", "pk": 16, "fields": {"project": 12, "user": 1, "assigned_to": null, "title": "Componentes de la Pantalla de Inicio", "description": "En la pantalla de inicio, mostrar:\r\n-Una lista con todos los proyectos en los que el usuario está trabajando, a modo de acceso directo\r\n\r\n-Una tabla con todos los tickets nuevos de todos los proyectos, que se podrá filtrar por proyecto\r\n    -Esta tabla tendrá 3 opciones de acción:\r\n        1. DETALLES: Para ir a la página de detalles del ticket seleccionado\r\n        2. ASIGNAR: (Seleccionar para desarrollo) Este botón asignará este ticket al usuario, lo que hará que el ticket se mueva desde la tabla de tickets nuevos, a la tabla de tickets asignados / en progreso. Si el usuario es administrador / project manager, en vez de un botón, verá un dropdown que contiene todos los usuarios asignados a este proyecto, y si selecciona uno, se asignará ese usuario a este ticket.\r\n\r\n-Una tabla con todos los tickets asignados / en desarrollo de este usuario, que se podrá filtrar por proyecto\r\n    -Esta tabla tendrá 3 opciones de acción:\r\n        1. DETALLES: Para ir a la página de detalles del ticket seleccionado\r\n        2.  ESTADO: Es un dropdown que le permite cambiar el estado de este ticket - las opciones que tiene son EN DESARROLLO, y CERRADO (lo que hará que el ticket desaparezca de esta tabla, ya que se encuentra cerrado)", "priority": "ALTA", "status": "NUEVO", "type": "FEATURE", "date_created": "2021-01-14T04:21:24.827Z", "date_closed": null, "last_updated": null}}, {"model": "nexus.ticket", "pk": 17, "fields": {"project": 12, "user": 1, "assigned_to": null, "title": "Mostrar espacios y linebreaks en los detalles del ticket", "description": "Debido a que las descripciones de un ticket pueden ser largas, es posible que el usuario use espacios y linebreaks para darle formato al texto.\r\nEs necesario modificar la página de 'ticket details' para que muestre los espacios y linebreaks correctamente.", "priority": "MEDIA", "status": "CERRADO", "type": "DISEÑO", "date_created": "2021-01-14T04:23:35.863Z", "date_closed": null, "last_updated": "2021-01-14T04:29:57.054Z"}}, {"model": "nexus.ticket", "pk": 18, "fields": {"project": 12, "user": 1, "assigned_to": null, "title": "Agregar paginación en los comentarios de ticket", "description": "Agregar paginación en los comentarios de ticket para prevenir que la lista de comentarios sea muy larga.", "priority": "BAJA", "status": "NUEVO", "type": "DISEÑO", "date_created": "2021-01-14T04:41:21.951Z", "date_closed": null, "last_updated": null}}, {"model": "nexus.ticket", "pk": 19, "fields": {"project": 12, "user": 1, "assigned_to": null, "title": "Cambiar el lenguaje de las datatables a español", "description": "Cambiar el lenguaje de las datatables a español", "priority": "BAJA", "status": "NUEVO", "type": "DISEÑO", "date_created": "2021-01-14T04:44:45.200Z", "date_closed": null, "last_updated": null}}, {"model": "nexus.ticket", "pk": 20, "fields": {"project": 12, "user": 1, "assigned_to": null, "title": "Agregar la columna \"asignado a\" en la tabla de tickets, pero ocultarla", "description": "Agregar la columna \"asignado a\" en la tabla de tickets para permitir que se pueda filtrar la tabla para ver los tickets asignados a un usuario en específico, pero ocultarla para que no ocupe espacio.", "priority": "BAJA", "status": "CERRADO", "type": "DISEÑO", "date_created": "2021-01-14T04:46:58.060Z", "date_closed": null, "last_updated": "2021-04-18T19:23:09.710Z"}}, {"model": "nexus.ticket", "pk": 21, "fields": {"project": 12, "user": 1, "assigned_to": null, "title": "Agregar opciones para asignar, y cambiar el estado de un ticket - UTILIZANDO UNA API", "description": "-Agregar opciones para asignar y cambiar el estado de un ticket en el listado de tickets de un proyecto. (desde la columna de acciones)\r\n    -El botón asignar servirá para asignar el ticket al desarrollador que lo clickeó. Alternativamente, si el usuario es un admin o un project manager, el botón se cambiará a un dropdown que tiene un listado de todos los usuarios asignados a este proyecto, para que se elija uno.\r\n\r\n-En el listado de tickets, mostrar todos los tickets excepto los que se encuentran cerrados.\r\n-Agregar un botón que lleve a una página donde se muestren todos los tickets cerrados, y permitir filtrarlos por prioridad y tipo.\r\n\r\n\r\nALTERNATIVAMENTE:\r\nCambiar los filtros select a multiselect para permitir que se puedan seleccionar varios tipos, prioridades, estados, etc. (filtrar con regex)\r\nAl inicializar la datatable, seleccionarlos a todos por defecto, menos los tickets con estado cerrado.\r\nEsto evitaría tener que crear otra página sólo para mostrar los tickets cerrados, y le otorgaría al usuario más control sobre los filtros.", "priority": "ALTA", "status": "CERRADO", "type": "FEATURE", "date_created": "2021-01-15T07:38:16.076Z", "date_closed": null, "last_updated": "2021-04-18T19:24:55.940Z"}}, {"model": "nexus.ticket", "pk": 22, "fields": {"project": 12, "user": 1, "assigned_to": null, "title": "Ticket files", "description": "Agregar una opción para cargar archivos de un ticket, como imágenes, documentos pdf, txt, imágenes, zip files, etc.", "priority": "ALTA", "status": "CERRADO", "type": "FEATURE", "date_created": "2021-01-21T06:07:21.540Z", "date_closed": null, "last_updated": "2021-02-02T05:51:52.988Z"}}, {"model": "nexus.ticket", "pk": 23, "fields": {"project": 12, "user": 1, "assigned_to": 1, "title": "Acciones del ticket (asignar, estado, prioridad) - CON API", "description": "En el panel de \"Información del ticket\", cambiar los labels de estado y prioridad a un botón. Cuando se presiona ese botón, se abrirá un dropdown mostrando las opciones que tiene ese botón. Al hacer click en una opción, se actualizará la base de datos.\r\n\r\nEndpoint de Asignar ticket - LISTO\r\nEndpoint de Estado - LISTO\r\nEndpoint de Prioridad - LISTO", "priority": "ALTA", "status": "CERRADO", "type": "FEATURE", "date_created": "2021-01-21T06:09:08.001Z", "date_closed": null, "last_updated": "2021-04-18T19:25:22.219Z"}}, {"model": "nexus.ticket", "pk": 24, "fields": {"project": 12, "user": 1, "assigned_to": null, "title": "Logos de formato de archivo en ticket files", "description": "Dentro de los archivos de un ticket, mostrar el logo que corresponda con el formato del archivo.", "priority": "BAJA", "status": "CERRADO", "type": "DISEÑO", "date_created": "2021-01-31T05:32:27.815Z", "date_closed": null, "last_updated": "2021-01-31T05:32:39.782Z"}}, {"model": "nexus.ticket", "pk": 25, "fields": {"project": 12, "user": 1, "assigned_to": null, "title": "Agregar un modal para ver los detalles de un archivo", "description": "En la página de detalles de un ticket:\r\n- Diseñar un modal para ver los detalles de un archivo\r\n- Agregarle funcionalidad a ese modal para que se llene con los datos del archivo seleccionado", "priority": "BAJA", "status": "CERRADO", "type": "DISEÑO", "date_created": "2021-01-31T06:02:45.442Z", "date_closed": null, "last_updated": "2021-02-02T05:50:25.246Z"}}, {"model": "nexus.ticket", "pk": 26, "fields": {"project": 12, "user": 1, "assigned_to": null, "title": "Ningun archivo cargado", "description": "Mostrar un mensaje cuando un ticket no tenga archivos cargados, igual que con los comentarios", "priority": "BAJA", "status": "CERRADO", "type": "DISEÑO", "date_created": "2021-02-02T05:52:49.445Z", "date_closed": null, "last_updated": "2021-02-02T06:10:44.409Z"}}, {"model": "nexus.ticket", "pk": 27, "fields": {"project": 12, "user": 1, "assigned_to": null, "title": "Crear usuario", "description": "Permitir que el admin tenga una forma de crear otros usuarios, y asignarle permisos", "priority": "ALTA", "status": "CERRADO", "type": "FEATURE", "date_created": "2021-02-02T06:16:58.042Z", "date_closed": null, "last_updated": "2021-02-08T20:58:33.508Z"}}, {"model": "nexus.ticket", "pk": 28, "fields": {"project": 12, "user": 1, "assigned_to": null, "title": "Login y logout", "description": "Agregar una página y la funcionalidad de login, y agregar la funcionalidad de logout.", "priority": "ALTA", "status": "CERRADO", "type": "FEATURE", "date_created": "2021-02-08T20:59:38.998Z", "date_closed": null, "last_updated": "2021-02-15T21:23:39.883Z"}}, {"model": "nexus.ticket", "pk": 29, "fields": {"project": 12, "user": 1, "assigned_to": null, "title": "Gestión de permisos", "description": "Agregar una forma para controlar que el usuario esté autorizado a visitar ciertas páginas, y ver ciertos elementos.", "priority": "ALTA", "status": "CERRADO", "type": "FEATURE", "date_created": "2021-02-15T21:25:13.111Z", "date_closed": null, "last_updated": "2021-02-15T21:25:20.940Z"}}, {"model": "nexus.ticket", "pk": 30, "fields": {"project": 12, "user": 3, "assigned_to": null, "title": "Listado, modificar y eliminar usuarios", "description": "Añadir páginas para ver el listado de usuarios, y para modificar y eliminar un usuario\r\n\r\nListado: finalizado\r\nEliminar: finalizado\r\nModificar: finalizado", "priority": "ALTA", "status": "CERRADO", "type": "FEATURE", "date_created": "2021-02-15T21:56:45.219Z", "date_closed": null, "last_updated": "2021-02-20T06:26:54.925Z"}}, {"model": "nexus.ticket", "pk": 31, "fields": {"project": 12, "user": 3, "assigned_to": null, "title": "Cambiar el header menu según el usuario", "description": "Cambiar las opciones del menú en el header, según el rol que tenga el usuario", "priority": "MEDIA", "status": "CERRADO", "type": "FEATURE", "date_created": "2021-02-16T08:20:49.826Z", "date_closed": null, "last_updated": "2021-02-18T00:42:04.793Z"}}, {"model": "nexus.ticket", "pk": 32, "fields": {"project": 12, "user": 1, "assigned_to": null, "title": "Header active", "description": "Cambiar la clase active del header según la página que esté viendo el usuario", "priority": "MEDIA", "status": "CERRADO", "type": "DISEÑO", "date_created": "2021-02-18T00:48:55.357Z", "date_closed": null, "last_updated": "2021-02-18T01:54:47.836Z"}}, {"model": "nexus.ticket", "pk": 33, "fields": {"project": 12, "user": 1, "assigned_to": null, "title": "Resize profile image", "description": "Añadir un script para cambiar el tamaño de la imágen de perfil del usuario (en usersCreate y en usersUpdate), para hacer que no ocupe tanto espacio.", "priority": "ALTA", "status": "EN DESARROLLO", "type": "FEATURE", "date_created": "2021-02-20T06:26:21.977Z", "date_closed": null, "last_updated": "2021-02-20T06:26:28.843Z"}}, {"model": "nexus.ticket", "pk": 34, "fields": {"project": 12, "user": 1, "assigned_to": null, "title": "Asignar usuarios a proyectos", "description": "-Añadir la funcionalidad de poder asignar usuarios (developers, testers y project managers) a proyectos\r\n-Cuando un project_manager crea un proyecto, añadirlo automáticamente a ese proyecto\r\n-Permitir que los usuarios con rol de administrador puedan ver todos los proyectos aunque no estén asignados a ese proyecto", "priority": "ALTA", "status": "EN DESARROLLO", "type": "FEATURE", "date_created": "2021-02-20T06:29:07.834Z", "date_closed": null, "last_updated": "2021-02-20T06:29:13.908Z"}}, {"model": "nexus.ticket", "pk": 35, "fields": {"project": 12, "user": 1, "assigned_to": null, "title": "User profile overview, information, change password", "description": "Crear páginas de:\r\nPerfil - Vista general - Listo\r\nPerfil - Información personal - Listo\r\nPerfil - Cambiar contraseña - Listo", "priority": "ALTA", "status": "CERRADO", "type": "FEATURE", "date_created": "2021-02-21T08:36:03.289Z", "date_closed": null, "last_updated": "2021-04-18T20:19:08.109Z"}}, {"model": "nexus.ticket", "pk": 36, "fields": {"project": 12, "user": 1, "assigned_to": 1, "title": "Añadir \"asignar a\"", "description": "En la pantalla de \"Crear nuevo ticket\", añadir un campo que permita asignar el ticket, que muestre una lista de los usuarios que forman parte de este proyecto.\r\nSi se selecciona un usuario del listado, el ticket será asignado directamente a ese usuario, y el ticket tendrá el estado \"ASIGNADO\".\r\nSi no se selecciona un usuario del listado, el campo \"asignado a\" quedará vacío, y el ticket tendrá el estado \"NUEVO\".", "priority": "ALTA", "status": "CERRADO", "type": "FEATURE", "date_created": "2021-02-21T08:52:42.481Z", "date_closed": null, "last_updated": "2021-04-18T20:18:46.461Z"}}, {"model": "nexus.ticket", "pk": 37, "fields": {"project": 12, "user": 1, "assigned_to": null, "title": "Diseño de profile overview", "description": "Diseñar la página de profile overview\r\n\r\n-Side panel con info del usuario, y accesos directos a profile overview, profile details (authenticate), y cambiar contraseña (authenticate)\r\n-Stats con nro de proyectos, tickets cerrados, y comentarios\r\n-Listado de proyectos de los que forma parte el usuario\r\n-Listado de tickets en los que trabajó el usuario", "priority": "ALTA", "status": "CERRADO", "type": "DISEÑO", "date_created": "2021-03-04T08:27:50.112Z", "date_closed": null, "last_updated": "2021-03-20T06:35:50.118Z"}}, {"model": "nexus.ticket", "pk": 38, "fields": {"project": 12, "user": 1, "assigned_to": null, "title": "Agregar funcionalidad para asignar usuarios a proyectos", "description": "-Agregar model proyectos-usuarios (many to many)\r\n-Agregar formulario (modal?) para asignar usuarios a un proyecto.\r\n-Por defecto, el creador del proyecto va a estar asignado a su proyecto, y el admin puede acceder a todos los proyectos", "priority": "ALTA", "status": "EN DESARROLLO", "type": "FEATURE", "date_created": "2021-03-17T05:41:48.116Z", "date_closed": null, "last_updated": "2021-03-17T05:42:15.634Z"}}, {"model": "nexus.ticket", "pk": 39, "fields": {"project": 12, "user": 1, "assigned_to": 1, "title": "Diseñar profile details", "description": "Diseñar la página de user profile details, a la cual sólo puede acceder el usuario, y ahí puede editar sus datos, imagen, etc.", "priority": "ALTA", "status": "CERRADO", "type": "FEATURE", "date_created": "2021-03-20T06:37:38.748Z", "date_closed": null, "last_updated": "2021-04-18T20:18:13.424Z"}}, {"model": "nexus.ticket", "pk": 40, "fields": {"project": 12, "user": 1, "assigned_to": 3, "title": "Profile Overview - Tickets asignados", "description": "En la página Profile Overview, mostrar sólo los tickets asignados a ese usuario (en vez de mostrar los tickets creados por él)", "priority": "ALTA", "status": "CERRADO", "type": "FEATURE", "date_created": "2021-03-24T23:59:24.436Z", "date_closed": null, "last_updated": "2021-04-18T20:25:17.688Z"}}, {"model": "nexus.ticket", "pk": 43, "fields": {"project": 12, "user": 1, "assigned_to": 1, "title": "Asignar Ticket: POST => PATCH", "description": "Cambiar el endpoint de Asignar Ticket, para que en vez de usar POST, use PATCH con un serializer(partial = True), para que se pueda usar con prioridad y estado también", "priority": "ALTA", "status": "CERRADO", "type": "FEATURE", "date_created": "2021-04-05T03:35:15.134Z", "date_closed": null, "last_updated": "2021-04-18T20:25:36.202Z"}}, {"model": "nexus.ticket", "pk": 44, "fields": {"project": 12, "user": 1, "assigned_to": 1, "title": "Profile Overview - Listado de proyectos y Cant. de proyectos", "description": "En la página de profile overview, se muestra el listado y la cantidad de proyectos que fueron creados por el usuario.\r\nCambiar las variables projects y projects.count() para que muestren los proyectos en los que está asignado el usuario, y NO los que fueron creados por él.", "priority": "BAJA", "status": "NUEVO", "type": "FEATURE", "date_created": "2021-04-18T20:25:09.570Z", "date_closed": null, "last_updated": null}}, {"model": "nexus.ticket", "pk": 45, "fields": {"project": 12, "user": 1, "assigned_to": 1, "title": "Terminar de decidir los shortcuts en el offcanvas del usuario (header)", "description": "Posiblemente:\r\nAgregar un link a profile details, otro a cambiar contraseña, etc.", "priority": "MEDIA", "status": "NUEVO", "type": "DISEÑO", "date_created": "2021-04-20T06:31:20.585Z", "date_closed": null, "last_updated": null}}, {"model": "nexus.comment", "pk": 1, "fields": {"ticket": 4, "user": 1, "comment": "Test Comment #1", "date_created": "2021-01-13T05:09:56Z"}}, {"model": "nexus.comment", "pk": 2, "fields": {"ticket": 6, "user": 1, "comment": "Test Comment #2", "date_created": "2021-01-13T05:13:44.449Z"}}, {"model": "nexus.comment", "pk": 3, "fields": {"ticket": 6, "user": 1, "comment": "Test Comment #3", "date_created": "2021-01-13T05:20:28.434Z"}}, {"model": "nexus.comment", "pk": 15, "fields": {"ticket": 8, "user": 1, "comment": "Ticket cerrado - Se decidió que las páginas de projects / projects details / ticket details van a ser generales, y la página de inicio va a ser específica para el usuario", "date_created": "2021-01-31T06:10:06.370Z"}}, {"model": "nexus.comment", "pk": 16, "fields": {"ticket": 20, "user": 1, "comment": "Esto al final no se hizo, ya que se eliminó el estado \"Asignado\", y se agregó la columna \"Asignado a\"", "date_created": "2021-04-18T19:22:50.165Z"}}, {"model": "nexus.comment", "pk": 18, "fields": {"ticket": 6, "user": 5, "comment": "Test Comment #4", "date_created": "2021-04-20T06:14:50.408Z"}}, {"model": "nexus.ticketfile", "pk": 7, "fields": {"ticket": 6, "user": 1, "title": "Favicon de Nexus", "file": "ticket_files/ticket_6/nexus-favicon.png", "date_uploaded": "2021-01-30T19:14:51.646Z"}}, {"model": "nexus.ticketfile", "pk": 8, "fields": {"ticket": 6, "user": 1, "title": "CV Walde", "file": "ticket_files/ticket_6/CV_Waldemar_Peralta.pdf", "date_uploaded": "2021-01-31T05:55:46.951Z"}}, {"model": "nexus.ticketfile", "pk": 9, "fields": {"ticket": 36, "user": 1, "title": "Test file", "file": "ticket_files/ticket_36/Waldemar_Peralta_-_Servicio_Naranja.pdf", "date_uploaded": "2021-04-18T20:15:31.922Z"}}, {"model": "nexus.profile", "pk": 1, "fields": {"user": 3, "image": "profile_pictures/user_3/100_3_kSj0jaf.jpg"}}, {"model": "nexus.profile", "pk": 2, "fields": {"user": 1, "image": "profile_pictures/user_1/foto.jpg"}}, {"model": "nexus.profile", "pk": 3, "fields": {"user": 4, "image": "profile_pictures/user_4/4.png"}}]